"","Label","Site","meanArea","sdArea","count"
"1","acacia 2 - 1.jpg","Genoa",1785.16157142857,256.516213801296,7
"2","acacia 2 - 2.jpg","Genoa",1112.04033333333,268.301963792664,9
"3","acacia 2 - 3.jpg","Genoa",1192.38455555556,140.287565702659,9
"4","acacia 2 - 4.jpg","Genoa",1343.50571428571,684.793455281399,7
"5","acaena - 1.jpg","Nariel",82.5262,38.3942715899669,30
"6","acaena - 2.jpg","Nariel",68.622525,37.7608245672596,40
"7","acaena - 3.jpg","Nariel",43.3067115384615,37.7017105366023,52
"8","acaena - 4.jpg","Nariel",41.3178723404255,12.5857066713845,47
"9","acaena - 5.jpg","Nariel",46.32408,16.8350514395728,50
"10","alphitonia - 1.jpg","Sportsmans",914.786444444444,303.84944144597,9
"11","alphitonia - 2.jpg","Sportsmans",2418.4045,501.209354580641,8
"12","alphitonia - 3.jpg","Sportsmans",2811.14171428571,901.980714222818,7
"13","alphitonia - 4.jpg","Sportsmans",1337.18188888889,214.891177664675,9
"14","alphitonia - 5.jpg","Sportsmans",2501.078375,1227.2228750273,8
"15","alternate tooth leafed tree - 1.jpg","Sportsmans",2043.3368,453.326019625513,10
"16","alternate tooth leafed tree - 2.jpg","Sportsmans",1492.8293,221.385367617972,10
"17","alternate tooth leafed tree - 3.jpg","Sportsmans",1870.88044444444,277.930176570533,9
"18","alternate tooth leafed tree - 4.jpg","Sportsmans",2104.2124,201.819848462379,10
"19","alternate tooth leafed tree - 5.jpg","Sportsmans",2555.58911111111,785.724147081284,9
"20","angophora - 1.jpg","Cataract",2860.7375,1156.05465165857,8
"21","annoying seed 1 - 1.jpg","Mann",2614.68675,1786.71740115188,4
"22","annoying seed 1 - 2.jpg","Mann",1101.22966666667,1058.50369021741,6
"23","annoying seed 1 - 3.jpg","Mann",1657.7648,531.047469860463,5
"24","annoying seed 1 - 4.jpg","Mann",7591.4795,4879.71773401746,2
"25","annoying seed 1 - 5.jpg","Mann",3329.38675,670.138452274043,4
"26","annoying seed 2 - 1.jpg","Mann",2566.353,491.906033148947,7
"27","annoying seed 2 - 1_0001.jpg","Mann",4099.39583333333,2129.26644199972,6
"28","annoying seed 2 - 2.jpg","Mann",2007.89381818182,343.763653417524,11
"29","annoying seed 2 - 4.jpg","Mann",3469.7784,3149.25919812689,5
"30","annoying seed 2 - 5.jpg","Mann",5652.14525,1090.27081440664,4
"31","backhousia 1.jpg","Tuross DS Wadbilliga",1050.898,277.149337233721,12
"32","backhousia 2.jpg","Tuross DS Wadbilliga",906.8,305.028044121848,11
"33","backhousia 3.jpg","Tuross DS Wadbilliga",491.03225,164.027066599997,16
"34","backhousia 4.jpg","Tuross DS Wadbilliga",943.903375,216.708511421179,16
"35","backhousia 5.jpg","Tuross DS Wadbilliga",723.564285714286,237.09376559121,14
"36","bipinnate acacia - 1.jpg","Mann",2329.11575,577.251492440037,4
"37","bipinnate acacia - 2.jpg","Mann",2210.728,683.416683759257,5
"38","bipinnate acacia - 3.jpg","Mann",1545.62416666667,378.843983288328,6
"39","bipinnate acacia - 4.jpg","Mann",1361.37366666667,574.850107886685,3
"40","blackberry - 1.jpg","Jacobs",1962.36235714286,1032.75375098234,14
"41","blackberry - 2.jpg","Jacobs",1727.60863636364,1085.9647315127,11
"42","blackberry - 3.jpg","Jacobs",1049.51114285714,751.846008587181,7
"43","blackberry - 4.jpg","Jacobs",2028.03018181818,1119.00046826798,11
"44","blackberry - 5.jpg","Jacobs",1155.19454545455,514.621689929868,11
"45","blechnum - 1.jpg","Wallagaraugh",639.253611111111,145.899354474296,18
"46","blechnum - 2.jpg","Wallagaraugh",695.429428571429,178.058056156591,14
"47","blechnum - 3.jpg","Wallagaraugh",529.358285714286,41.057668640825,14
"48","blechnum - 4.jpg","Wallagaraugh",580.593375,132.257204252358,16
"49","blechnum - 5.jpg","Wallagaraugh",507.467944444444,141.897447195241,18
"50","blue gum - 1.jpg","Jacobs",3153.56975,1731.44003862146,12
"51","blue gum - 2.jpg","Jacobs",4075.35491666667,2241.61470956668,12
"52","blue gum - 3.jpg","Jacobs",2680.99221428571,1185.66619382835,14
"53","blue wattle - 1.jpg","Jacobs",94.4838488372093,21.7646999252391,86
"54","blue wattle - 2.jpg","Jacobs",125.767850574713,50.6006136355219,87
"55","blue wattle - 3.jpg","Jacobs",101.514985507246,23.3724215567463,69
"56","blue wattle - 4.jpg","Jacobs",161.872662650602,56.0807197322724,83
"57","blue wattle - 5.jpg","Jacobs",121.760518072289,33.0175863861203,83
"58","bottlebrush - 1.jpg","Tuross at Belowra",37.6764285714286,10.4822321430615,98
"59","bottlebrush - 2.jpg","Tuross at Belowra",32.4620864197531,14.1237457984749,81
"60","bottlebrush - 3.jpg","Tuross at Belowra",40.4902553191489,16.6166452263768,94
"61","bottlebrush - 4.jpg","Tuross at Belowra",28.610824742268,8.76419072729373,97
"62","bottlebrush 1.jpg","Tuross DS Wadbilliga",51.672972972973,36.7609873203425,74
"63","bracken - 1.jpg","Genoa",672.8748,230.625116153563,10
"64","bracken - 2.jpg","Genoa",894.708875,196.376066422448,8
"65","bracken - 3.jpg","Genoa",335.338285714286,94.6239290482459,14
"66","bracken - 4.jpg","Genoa",632.395727272727,223.677465533786,11
"67","bracken - 5.jpg","Genoa",484.7725,198.351936915074,14
"68","brush wattle - 1.jpg","Genoa",142.13156,31.5006725511271,25
"69","brush wattle - 1.jpg","Tuross at Belowra",214.569347826087,46.4204400155487,23
"70","brush wattle - 2.jpg","Genoa",222.05005,87.822781639459,20
"71","brush wattle - 2.jpg","Tuross at Belowra",198.730086956522,58.653537939414,23
"72","brush wattle - 3.jpg","Genoa",145.2271875,29.5949758398702,16
"73","brush wattle - 3.jpg","Tuross at Belowra",182.1138,37.5097801801966,25
"74","brush wattle - 4.jpg","Genoa",130.641142857143,33.7685722651783,21
"75","brush wattle - 5 -.jpg","Tuross at Belowra",130.922333333333,27.4793024742366,18
"76","brush wattle - 5.jpg","Genoa",154.695736842105,45.5514238219255,19
"77","brush wattle - 5.jpg","Tuross at Belowra",139.720952380952,31.8817341035211,21
"78","bursaria 1 .jpg","Wadbilliga",45.4696363636364,11.1082903269872,33
"79","bursaria 2 .jpg","Wadbilliga",32.6605,12.3165569628287,44
"80","bursaria 3 .jpg","Wadbilliga",28.5761304347826,6.9729581945261,46
"81","bursaria 4 .jpg","Wadbilliga",61.553425,16.8771492578324,40
"82","bursaria 5.jpg","Wadbilliga",154.936259259259,73.5688556349098,27
"83","calochlaena - 1.jpg","Genoa",1439.70216666667,172.688474069831,6
"84","calochlaena - 1.jpg","Sportsmans",711.638923076923,454.388842492943,13
"85","calochlaena - 2.jpg","Genoa",1930.1488,176.111223534163,5
"86","calochlaena - 2.jpg","Sportsmans",428.9692,147.202195207913,15
"87","calochlaena - 3.jpg","Genoa",1758.7085,158.244385048886,6
"88","calochlaena - 3.jpg","Sportsmans",387.68475,171.641851554756,20
"89","calochlaena - 4.jpg","Genoa",1638.6335,184.927361687502,6
"90","calochlaena - 4.jpg","Sportsmans",244.491037037037,174.014388305742,27
"91","calochlaena - 5.jpg","Genoa",2631.0355,297.486327351527,6
"92","calochlaena - 5.jpg","Sportsmans",753.354272727273,480.160290983561,11
"93","carex 1 - 1.jpg","Wallagaraugh",230.350318181818,104.530359260286,22
"94","carex 1 - 2.jpg","Wallagaraugh",278.134791666667,96.4512785981377,24
"95","carex 1 - 3.jpg","Wallagaraugh",346.14975,147.87367365189,28
"96","carex 1 - 4.jpg","Wallagaraugh",287.560333333333,53.2770937645814,18
"97","carex 1 - 5.jpg","Wallagaraugh",184.675866666667,52.8364540143374,30
"98","castor oil plant - 1a.jpg","Mann",10239.9483333333,1212.05909848255,3
"99","castor oil plant - 1b.jpg","Mann",11747.476,248.876131133542,2
"100","castor oil plant - 2a.jpg","Mann",17160.147,NA,1
"101","castor oil plant - 2b.jpg","Mann",11558.035,1218.51186118478,2
"102","castor oil plant - 3a.jpg","Mann",11644.1785,244.362668549227,2
"103","castor oil plant - 3b.jpg","Mann",13019.904,5334.71902740079,2
"104","castor oil plant - 4a.jpg","Mann",12011.191,2589.9638480724,2
"105","castor oil plant - 4b.jpg","Mann",16434.4995,7355.62384407091,2
"106","castor oil plant - 5.jpg","Mann",14550.983,8211.71448851956,2
"107","cataract sally wattle - 1.jpg","Cataract",299.098461538462,95.914517928927,26
"108","cataract sally wattle - 2.jpg","Cataract",287.025555555556,42.5273336631481,18
"109","cataract sally wattle - 3.jpg","Cataract",234.889411764706,62.7236612522129,17
"110","cataract sally wattle - 4.jpg","Cataract",227.444736842105,59.5148380535309,19
"111","cataract sally wattle - 5.jpg","Cataract",247.012777777778,40.0331663683642,18
"112","centella asiatica - 1.jpg","Mann",833.253615384615,150.696444454594,13
"113","centella asiatica - 2.jpg","Mann",602.0229375,187.695920171775,16
"114","centella asiatica - 3.jpg","Mann",583.803894736842,119.877583551302,19
"115","centella asiatica - 4.jpg","Mann",563.2788125,157.891116370837,16
"116","centella asiatica - 5.jpg","Mann",501.463583333333,75.7594164569759,12
"117","cheese tree - 1.jpg","Jilliby",4623.92816666667,476.376755586339,6
"118","cheese tree - 2.jpg","Jilliby",1477.87555555556,110.366577278983,9
"119","cheese tree - 3.jpg","Jilliby",5042.1376,2163.02787720797,5
"120","cheese tree - 4.jpg","Jilliby",4204.8415,792.689140102916,6
"121","cheese tree - 5.jpg","Jilliby",4087.57866666667,304.225888629924,6
"122","climber 1 - 1.jpg","Wallagaraugh",939.651666666667,205.60477904526,9
"123","climber 1 - 2.jpg","Wallagaraugh",1747.30766666667,520.07272749179,9
"124","climber 1 - 3.jpg","Wallagaraugh",1016.880375,113.23871245034,8
"125","climber 1 - 5_0002.jpg","Wallagaraugh",1741.8795,357.026120003425,6
"126","clmber 1 - 4.jpg","Wallagaraugh",1125.87528571429,260.790438051139,7
"127","common sedge grass - 1--.jpg","Genoa",485.2456,236.020914923051,15
"128","common sedge grass - 2.jpg","Genoa",312.253111111111,102.76859106318,9
"129","common sedge grass - 3.jpg","Genoa",512.948583333333,150.716009320032,12
"130","common sedge grass - 4.jpg","Genoa",403.469230769231,134.000028676088,13
"131","common sedge grass - 5.jpg","Genoa",244.090222222222,70.772120456748,9
"132","daisy - 1.jpg","Wallagaraugh",137.327444444444,35.4620668174787,18
"133","daisy - 2.jpg","Wallagaraugh",133.610571428571,71.657457371017,14
"134","daisy - 3.jpg","Wallagaraugh",110.935166666667,25.8190449799459,18
"135","daisy - 4.jpg","Wallagaraugh",85.0809333333333,35.0288750226493,15
"136","daisy - 5.jpg","Wallagaraugh",236.37905,57.4232856284434,20
"137","dendrocnide - 1a.jpg","Jilliby",10642.13275,2466.63703361241,4
"138","dendrocnide - 1b.jpg","Jilliby",6457.808,NA,1
"139","dendrocnide - 2.jpg","Jilliby",4007.297,1103.87797784357,5
"140","dendrocnide - 3a.jpg","Jilliby",6881.95414285714,5585.73280569737,7
"141","dendrocnide - 4.jpg","Jilliby",7776.28075,3283.44995736135,4
"142","dendrocnide - 5.jpg","Jilliby",5273.1402,1638.8675111702,5
"143","dichondra 1.jpg","Wadbilliga",622.626,162.710935419842,11
"144","dichondra 2.jpg","Wadbilliga",863.315444444444,216.615360162957,9
"145","dichondra 3.jpg","Wadbilliga",525.070642857143,162.184313056571,14
"146","dichondra 4.jpg","Wadbilliga",618.177375,135.738706784066,8
"147","dichondra 5.jpg","Wadbilliga",443.941818181818,93.9668893342949,11
"148","dionella - 1.jpg","Wallagaraugh",538.082411764706,246.590970287098,17
"149","dionella - 2.jpg","Wallagaraugh",670.3342,237.356986807756,15
"150","dionella - 3.jpg","Wallagaraugh",992.7154,216.940043289714,15
"151","dionella - 4.jpg","Wallagaraugh",944.45,264.465640244626,15
"152","dionella - 5.jpg","Wallagaraugh",936.166428571429,951.380415994385,14
"153","Duboisia myoporoides - 1.jpg","Sportsmans",1600.85641666667,349.971715864286,12
"154","Duboisia myoporoides - 2.jpg","Sportsmans",1406.32215384615,487.368705359684,13
"155","Duboisia myoporoides - 3.jpg","Sportsmans",1393.09381818182,383.73469681378,11
"156","Duboisia myoporoides - 4.jpg","Sportsmans",1722.25988888889,292.383491572902,9
"157","Duboisia myoporoides - 5.jpg","Sportsmans",1936.40911111111,897.267496726233,9
"158","eucalypt - 1.jpg","Genoa",2024.484625,307.698058432027,8
"159","eucalypt - 2.jpg","Genoa",2650.19616666667,564.354974329248,6
"160","eucalypt - 3.jpg","Genoa",2476.0988,113.93391803234,5
"161","eucalyptus vimnalis - 1.jpg","Goodradigbee",3531.22842857143,744.614687781284,7
"162","eucalyptus vimnalis - 2.jpg","Goodradigbee",3297.75414285714,1333.12229549661,7
"163","eucalyptus vimnalis - 3.jpg","Goodradigbee",6334.3275,3695.94339643079,4
"164","eucalyptus vimnalis - 4.jpg","Goodradigbee",3289.56933333333,660.617807350564,6
"165","fat leaf acacia - 1.jpg","Jacobs",1286.62175,439.157310105469,8
"166","fat leaf acacia - 2.jpg","Jacobs",1481.17325,996.989801420649,8
"167","fat leaf acacia - 3.jpg","Jacobs",928.183333333333,214.835936622401,12
"168","fat leaf acacia - 4.jpg","Jacobs",1268.356375,193.766487069165,8
"169","fat leaf acacia - 5.jpg","Jacobs",1481.3825,260.526054415655,10
"170","felt leaf - 1.jpg","Cataract",2545.52,396.623209146078,7
"171","felt leaf - 2.jpg","Cataract",1628.92363636364,255.845879047239,11
"172","felt leaf - 3.jpg","Cataract",1552.765,669.02432661981,12
"173","felt leaf - 4.jpg","Cataract",1390.08333333333,297.073291517991,12
"174","felt leaf - 5.jpg","Cataract",1426.681,345.340066872898,10
"175","furry tree - 1.jpg","Genoa",3259.5134,377.481444580128,5
"176","furry tree - 2.jpg","Genoa",3088.66966666667,479.844731682517,6
"177","furry tree - 3.jpg","Genoa",2559.92357142857,232.844144998221,7
"178","furry tree - 4.jpg","Genoa",5715.5325,1186.95179458439,6
"179","furry tree - 5.jpg","Genoa",4119.80916666667,594.157861812975,6
"180","geitnoplesium - 1.jpg","Sportsmans",232.707777777778,106.542631864132,18
"181","geitnoplesium - 2.jpg","Sportsmans",293.542684210526,67.9048231743459,19
"182","geitnoplesium - 3.jpg","Sportsmans",318.987157894737,120.095502311592,19
"183","geitnoplesium - 4.jpg","Sportsmans",296.843777777778,77.5515433832505,18
"184","geitnoplesium - 5.jpg","Sportsmans",466.776,106.373535983463,17
"185","gibbo leucopogon - 1 .jpg","Gibbo",28.6073493975904,9.3321987951416,83
"186","gibbo leucopogon - 2.jpg","Gibbo",27.0709900990099,7.91142610468561,101
"187","gibbo leucopogon - 3.jpg","Gibbo",22.246,5.32482556892238,110
"188","gibbo leucopogon - 4.jpg","Gibbo",25.2208219178082,3.94620695289394,73
"189","gibbo leucopogon - 5.jpg","Gibbo",26.7151282051282,8.26410241943554,39
"190","gibbo sedge grass - 1.jpg","Gibbo",288.4725,80.6740067449592,8
"191","gibbo sedge grass - 2.jpg","Gibbo",327.551111111111,83.9295212431902,9
"192","gibbo sedge grass - 4.jpg","Gibbo",292.043333333333,61.095584333076,9
"193","gibbo sedge grass - 5.jpg","Gibbo",332.8525,77.2644613833368,8
"194","gibbo tea tree 1 - 1.jpg","Gibbo",29.68484375,19.8767038396902,64
"195","gibbo tea tree 1 - 2.jpg","Gibbo",29.8347272727273,12.2350505689287,55
"196","gibbo tea tree 1 - 3.jpg","Gibbo",33.8467441860465,14.034467048583,43
"197","gibbo tea tree 1 - 4.jpg","Gibbo",47.2610344827586,8.94435629913698,29
"198","gibbo tea tree 1 - 5.jpg","Gibbo",24.18,7.37212110353712,47
"199","glycine microphylla 1.jpg","Wadbilliga",269.555785714286,117.45611726361,14
"200","glycine microphylla 2.jpg","Wadbilliga",397.485285714286,165.909088105217,7
"201","glycine microphylla 3.jpg","Wadbilliga",211.348307692308,72.2795307773746,13
"202","glycine microphylla 4.jpg","Wadbilliga",170.589571428571,92.2281198945621,7
"203","hovea sp - 1.jpg","Goodradigbee",313.638538461538,69.1120438292666,26
"204","hovea sp - 2.jpg","Goodradigbee",252.208066666667,51.2819603079863,30
"205","hovea sp - 3.jpg","Goodradigbee",228.57275,72.0596118497372,24
"206","hovea sp - 4.jpg","Goodradigbee",264.357333333333,35.6263773515552,30
"207","hovea sp - 5.jpg","Goodradigbee",89.1007857142857,34.7533196214269,42
"208","hydrocotyle peduncularis 1.jpg","Wadbilliga",687.907777777778,240.293059138096,9
"209","hydrocotyle peduncularis 2.jpg","Wadbilliga",460.662909090909,267.643389230317,11
"210","hydrocotyle peduncularis 3.jpg","Wadbilliga",808.1253,224.461401308926,10
"211","hydrocotyle peduncularis 4.jpg","Wadbilliga",1008.34233333333,442.870760282802,6
"212","hydrocotyle peduncularis 5.jpg","Wadbilliga",868.308571428571,199.637975861188,7
"213","hymenathera 1 [.jpg","Wadbilliga",72.4281111111111,16.5121156971138,27
"214","hymenathera 2.jpg","Wadbilliga",78.0093913043478,15.8220956281775,23
"215","hymenathera 3.jpg","Wadbilliga",102.3154,21.9986798107674,25
"216","hymenathera 4.jpg","Wadbilliga",72.4607741935484,19.1138209710664,31
"217","hymenathera 5.jpg","Wadbilliga",112.085090909091,27.3077091852049,22
"218","lemon herb - 1a.jpg","Mann",11231.982,NA,1
"219","lemon herb - 1b.jpg","Mann",4935.5705,1987.54210452018,2
"220","lemon herb - 2a.jpg","Mann",6992.1435,2550.0144362557,2
"221","lemon herb - 2b.jpg","Mann",4748.3475,793.03086170243,2
"222","lemon herb - 3.jpg","Mann",3140.40025,239.49742339376,4
"223","lemon herb - 4a.jpg","Mann",3797.508,378.558701726694,3
"224","lemon herb - 4b.jpg","Mann",4477.82033333333,343.429301525559,3
"225","lemon herb - 5a.jpg","Mann",5173.342,589.391886895298,2
"226","lemon herb - 5b.jpg","Mann",5895.274,590.083437327299,2
"227","lepidosperma 1 --.jpg","Tuross DS Wadbilliga",213.667833333333,39.6219031922964,24
"228","lepidosperma 2 --.jpg","Tuross DS Wadbilliga",527.92437037037,250.020342634223,27
"229","lepidosperma 3.jpg","Tuross DS Wadbilliga",385.874571428571,75.8114790615148,14
"230","lepidosperma 4.jpg","Tuross DS Wadbilliga",262.638380952381,96.98440666038,42
"231","lepidosperma 5.jpg","Tuross DS Wadbilliga",269.364714285714,70.8679516663672,35
"232","leptospermum - 1.jpg","Genoa",56.6929393939394,21.0070677197869,33
"233","leptospermum - 2_0001.jpg","Genoa",67.80478125,28.853405533595,32
"234","leptospermum - 3.jpg","Genoa",65.6392121212121,30.3917894214021,33
"235","leptospermum - 4.jpg","Genoa",64.0258695652174,29.921267240884,23
"236","leptospermum - 5.jpg","Genoa",46.3627272727273,17.8090955611043,33
"237","leptospermum grandifolia gib- 1.jpg","Gibbo",127.19875,31.444689356228,32
"238","leptospermum grandifolia gib- 2.jpg","Gibbo",128.473703703704,23.9570059045122,27
"239","leptospermum grandifolia gib- 3.jpg","Gibbo",133.58037037037,28.7812923323309,27
"240","leptospermum grandifolia gib- 4.jpg","Gibbo",122.868709677419,17.0816294581705,31
"241","leptospermum grandifolia gib- 5.jpg","Gibbo",119.576071428571,19.3141393877906,28
"242","leptospermum grandifolium - 1.jpg","Nariel",104.112905660377,22.0706796471491,53
"243","leptospermum grandifolium - 2.jpg","Nariel",151.3034,37.4686947677658,35
"244","leucopogon 1.jpg","Tuross at Belowra",6.847,2.28845531964249,73
"245","leucopogon 2.jpg","Tuross at Belowra",8.25124210526316,2.53710519710693,95
"246","leucopogon 3.jpg","Tuross at Belowra",10.3487945205479,2.22660878766408,73
"247","leucopogon 4.jpg","Tuross at Belowra",10.1012068965517,4.59298234199799,87
"248","leucopogon 5.jpg","Tuross at Belowra",9.49764948453608,1.82903935419456,97
"249","Mann carex - 1.jpg","Mann",806.06525,279.944538744582,4
"250","Mann carex - 2.jpg","Mann",360.638571428571,115.104985382703,7
"251","Mann carex - 3.jpg","Mann",263.53725,122.339755902364,4
"252","Mann carex - 4.jpg","Mann",388.719375,177.885964903633,8
"253","Mann carex - 5.jpg","Mann",474.671714285714,163.056618170616,7
"254","mann herb 1 - 1.jpg","Mann",191.901074074074,60.1985336806636,27
"255","mann herb 1 - 2.jpg","Mann",195.405375,45.6469988401662,24
"256","mann herb 1 - 3.jpg","Mann",176.304409090909,47.1799010134899,44
"257","mann herb 1 - 4.jpg","Mann",215.2056875,62.3604284702725,32
"258","mann herb 1 - 5.jpg","Mann",193.794685714286,71.3469692182759,35
"259","mann sedge - 1.jpg","Mann",1235.9682,126.642234297866,10
"260","mann sedge - 2.jpg","Mann",1146.76411111111,183.172142625076,9
"261","mann sedge - 3.jpg","Mann",884.2305,447.931718080446,10
"262","mann sedge - 4.jpg","Mann",1056.062,242.200632195707,14
"263","mann sedge - 5.jpg","Mann",1094.7837,330.88124276411,10
"264","Mann shrub 1 - 1.jpg","Mann",764.433555555556,125.489512284006,9
"265","Mann shrub 1 - 2.jpg","Mann",543.761583333333,137.416191253537,12
"266","Mann shrub 1 - 3.jpg","Mann",851.197454545455,293.06049811135,11
"267","Mann shrub 1 - 4.jpg","Mann",907.9114,133.440836589937,10
"268","Mann shrub 1 - 5.jpg","Mann",788.272538461538,324.650232960185,13
"269","mauve flower herb - 1.jpg","Nariel",287.049791666667,116.243698827629,24
"270","mauve flower herb - 2.jpg","Nariel",285.391321428571,110.214959544571,28
"271","mauve flower herb - 3.jpg","Nariel",196.632869565217,56.1140944791011,23
"272","mauve flower herb - 4.jpg","Nariel",252.841619047619,82.422986944466,21
"273","mauve flower herb - 5.jpg","Nariel",249.962230769231,65.5181570664546,26
"274","nariel - stellaria or not 1.jpg","Nariel",55.6899705882353,16.4386131105732,34
"275","nariel - stellaria or not 2.jpg","Nariel",40.1243023255814,15.9763945177683,43
"276","nariel - stellaria or not 3.jpg","Nariel",76.2091212121212,25.6486407044281,33
"277","nariel - stellaria or not 4.jpg","Nariel",38.9114827586207,18.4314554034447,58
"278","nariel - stellaria or not 5.jpg","Nariel",61.1982,22.1668251231613,50
"279","nariel tea tree 1 - 1.jpg","Nariel",37.373,10.6560466431758,66
"280","notalea - 1.jpg","Wallagaraugh",6000.28366666667,5270.43349753408,3
"281","notalea - 2.jpg","Wallagaraugh",34284.872,NA,1
"282","notalea - 3.jpg","Wallagaraugh",6690.11575,3865.4141381616,4
"283","notalea - 4.jpg","Wallagaraugh",4635.367,1775.37385336765,5
"284","notalea - 4_0001.jpg","Wallagaraugh",19826.703,20318.7161858226,2
"285","oplismenus imbecilis - 1.jpg","Sportsmans",122.3970625,61.370158257712,32
"286","oplismenus imbecilis - 2.jpg","Sportsmans",72.8811052631579,26.2357546250413,38
"287","oplismenus imbecilis - 3.jpg","Sportsmans",120.403935483871,53.6065252576186,31
"288","oplismenus imbecilis - 4.jpg","Sportsmans",53.8793571428571,18.5889407337009,42
"289","oplismenus imbecilis - 5.jpg","Sportsmans",46.8124857142857,12.4682952827218,35
"290","paperbark - 1.jpg","Sportsmans",524.95619047619,242.890615881639,21
"291","paperbark - 2.jpg","Sportsmans",424.671,145.577653814038,18
"292","paperbark - 3.jpg","Sportsmans",524.236,146.994431481133,14
"293","paperbark - 4.jpg","Sportsmans",643.247277777778,153.658507223689,18
"294","paperbark - 5.jpg","Sportsmans",548.528928571429,186.273273231506,14
"295","purple haloragis - 1 .jpg","Cataract",1170.62125,209.341119326977,8
"296","purple haloragis - 2.jpg","Cataract",664.636,220.366019118698,10
"297","purple haloragis - 3.jpg","Cataract",786.851428571429,220.664108426402,7
"298","purple haloragis - 4.jpg","Cataract",1316.75833333333,242.302047817732,6
"299","purple haloragis - 5.jpg","Cataract",1041.70375,111.521427273289,8
"300","rosemary plant 1.jpg","Wadbilliga",193.111423076923,83.740218806102,26
"301","rosemary plant 2.jpg","Wadbilliga",141.97162962963,60.0225126618518,27
"302","rubus parvifolius - 1.jpg","Genoa",1357.7962,385.489129727026,5
"303","rubus parvifolius - 2.jpg","Genoa",856.336888888889,498.449850887089,9
"304","rubus parvifolius - 3.jpg","Genoa",670.5825,415.177836783551,14
"305","rubus parvifolius - x.jpg","Genoa",871.786416666667,579.253291651252,12
"306","scrambler 1 - 1.jpg","Genoa",93.8260588235294,20.767326755238,17
"307","scrambler 1 - 2.jpg","Genoa",110.362434782609,27.7955312396306,23
"308","scrambler 1 - 3.jpg","Genoa",134.008954545455,24.6019235629622,22
"309","scrambler 1 - 4.jpg","Genoa",100.118272727273,30.3657999387811,22
"310","scrambler 1 - 5.jpg","Genoa",108.36745,29.9802959651045,20
"311","scrub nettle 1_0001.jpg","Wadbilliga",1317.80314285714,121.795672173287,7
"312","scrub nettle 2.jpg","Wadbilliga",405.3161,114.425166757289,10
"313","scrub nettle 3.jpg","Wadbilliga",739.596888888889,171.790952918398,9
"314","scrub nettle 4.jpg","Wadbilliga",1218.7132,175.905783067812,5
"315","scrub nettle 5.jpg","Wadbilliga",938.466625,416.870052496985,8
"316","serrated lanceolate shrub - 1.jpg","Genoa",556.987555555556,213.031130728065,9
"317","serrated lanceolate shrub - 2.jpg","Genoa",587.899428571429,188.860805836026,14
"318","serrated lanceolate shrub - 3.jpg","Genoa",1483.36014285714,604.448499710391,7
"319","serrated lanceolate shrub - 4.jpg","Genoa",926.8208,325.270402644323,10
"320","serrated lanceolate shrub - 5.jpg","Genoa",5693.08733333333,2429.18189539736,3
"321","serrated upright herb - 1.jpg","Mann",547.561,198.988623540141,16
"322","serrated upright herb - 2.jpg","Mann",623.099,219.914733838923,19
"323","serrated upright herb - 3.jpg","Mann",345.81275,142.202465810349,24
"324","serrated upright herb - 4.jpg","Mann",491.750058823529,167.137987512366,17
"325","serrated upright herb - 5.jpg","Mann",454.925944444444,205.864292347988,18
"326","shark tooth acacia - 1.jpg","Goodradigbee",54.6693958333333,13.8234118702149,48
"327","shark tooth acacia - 2.jpg","Goodradigbee",53.0439253731343,15.5405005031462,67
"328","shark tooth acacia - 3.jpg","Goodradigbee",31.2337948717949,7.25197687756246,78
"329","shark tooth acacia - 4.jpg","Goodradigbee",39.3790634920635,6.87443488791346,63
"330","shark tooth acacia - 5.jpg","Goodradigbee",50.7499836065574,8.56817784497148,61
"331","shrub 1 - 2 .jpg","Wallagaraugh",35.4589142857143,11.5493217559235,35
"332","shrub 1 - 3.jpg","Wallagaraugh",39.5725294117647,13.8038889782319,34
"333","shrub 1 - 4.jpg","Wallagaraugh",47.8699655172414,22.1601390088516,29
"334","shrub 1 -1.jpg","Wallagaraugh",54.7842,26.580372597625,50
"335","shrub X - 1.jpg","Wallagaraugh",2011.853,481.425991611379,3
"336","shrub X - 2.jpg","Wallagaraugh",2599.63,129.134668807412,2
"337","shrub X - 3.jpg","Wallagaraugh",2075.22966666667,471.547395234385,3
"338","shrub X - 4.jpg","Wallagaraugh",1971.002,119.597212542768,2
"339","shrub X - 5.jpg","Wallagaraugh",2473.467,712.195116153221,5
"340","shub 1 - 5.jpg","Wallagaraugh",31.1671935483871,8.78456381546386,31
"341","small leaf privet - 1.jpg","Cataract",684.189333333333,102.383607397911,15
"342","small leaf privet - 2.jpg","Cataract",741.388666666667,116.870211215364,15
"343","small leaf privet - 3.jpg","Cataract",345.84,60.6000960395279,16
"344","small leaf privet - 4.jpg","Cataract",578.84875,90.4381296338368,16
"345","small leaf privet - 5.jpg","Cataract",489.628888888889,122.179737026519,18
"346","smilax - 1.jpg","Jilliby",5366.5835,2374.79244470676,4
"347","smilax - 2.jpg","Jilliby",5745.4635,2516.02005689654,4
"348","smilax - 3.jpg","Jilliby",3649.512,415.922522538754,5
"349","smilax - 4.jpg","Jilliby",4172.7886,400.261950393489,5
"350","smilax - 5.jpg","Jilliby",16872.5305,14278.5923832575,2
"351","smooth gum - 2.jpg","Cataract",5872.16,774.131763429198,5
"352","smooth gum juvenile - 1.jpg","Cataract",6319.23,1419.95262751967,5
"353","snowy ck bursaria - 1.jpg","Snowy Ck",56.1809512195122,11.1056635325207,41
"354","snowy ck bursaria - 2.jpg","Snowy Ck",43.0111621621622,7.85185446076103,37
"355","snowy ck bursaria - 3.jpg","Snowy Ck",41.8981794871795,10.8063588732984,39
"356","snowy ck bursaria - 4.jpg","Snowy Ck",56.6729333333333,14.1281657977616,60
"357","snowy ck bursaria - 5.jpg","Snowy Ck",43.2553414634146,13.2097593838982,41
"358","snowy ck tea tree - 1.jpg","Snowy Ck",40.8874666666667,12.1643128899094,60
"359","snowy ck tea tree - 2.jpg","Snowy Ck",31.4747804878049,5.2560148140592,41
"360","snowy ck tea tree - 3.jpg","Snowy Ck",30.6683488372093,7.85434060426439,43
"361","snowy ck tea tree - 4.jpg","Snowy Ck",36.3783548387097,8.71774592444474,62
"362","snowy ck tea tree - 5.jpg","Snowy Ck",29.3007906976744,7.60888052449911,43
"363","spatula leaf - 1.jpg","Goodradigbee",94.3689230769231,31.8137079453303,39
"364","spatula leaf - 2.jpg","Goodradigbee",205.14092,91.8721103781048,25
"365","spatula leaf - 3.jpg","Goodradigbee",161.279852941176,60.9889617162003,34
"366","spatula leaf - 4.jpg","Goodradigbee",123.26696969697,45.3524936493883,33
"367","spatula leaf - 5.jpg","Goodradigbee",79.521037037037,21.5076011527257,27
"368","sportsman acacia - 1.jpg","Sportsmans",2095.73983333333,276.969663862609,6
"369","sportsman acacia - 2.jpg","Sportsmans",3661.18114285714,764.079348124357,7
"370","sportsman acacia - 3.jpg","Sportsmans",2604.022625,480.153710383884,8
"371","sportsman acacia - 4.jpg","Sportsmans",3611.15285714286,713.034473643556,7
"372","sportsman acacia - 5.jpg","Sportsmans",4004.45883333333,1055.37113841973,6
"373","stream edge carex - 1.jpg","Jacobs",570.717142857143,140.853647961747,14
"374","stream edge carex - 2.jpg","Jacobs",431.270285714286,110.072966824759,14
"375","stream edge carex - 3.jpg","Jacobs",729.454125,195.969120904608,8
"376","stream edge carex - 4.jpg","Jacobs",537.514625,129.222081879672,16
"377","stream edge carex - 5.jpg","Jacobs",565.549705882353,94.6660198399911,17
"378","syzygium - 1.jpg","Sportsmans",454.667,80.4950166746019,19
"379","syzygium - 2.jpg","Sportsmans",487.093411764706,167.613900726886,17
"380","syzygium - 3.jpg","Sportsmans",357.3182,55.9758371585455,15
"381","syzygium - 4.jpg","Sportsmans",598.5585,144.908478424079,12
"382","syzygium - 5.jpg","Sportsmans",597.259666666667,158.692479360314,15
"383","tea tree - 1.jpg","Tuross at Belowra",47.6146567164179,16.1481825831396,134
"384","tea tree - 2.jpg","Tuross at Belowra",38.1044803149606,10.3818906082081,127
"385","tea tree - 3.jpg","Tuross at Belowra",75.5743880597015,22.1230188326858,67
"386","tea tree - 4.jpg","Tuross at Belowra",41.7806634615385,13.0227386637035,104
"387","tea tree - 5.jpg","Tuross at Belowra",43.1563852459016,11.810205243419,122
"388","tea tree 2 - 1.jpg","Tuross at Belowra",62.6320540540541,11.2775148339663,37
"389","tea tree 2 - 2.jpg","Tuross at Belowra",54.4432903225806,9.86221637088928,31
"390","tea tree 2 - 3.jpg","Tuross at Belowra",82.3369428571429,18.648491200509,35
"391","toothed herb - 1.jpg","Genoa",2272.2924,337.931843297284,5
"392","toothed herb - 2.jpg","Genoa",1358.98833333333,125.889433884924,6
"393","toothed herb - 3.jpg","Genoa",1317.55185714286,250.486315660443,7
"394","toothed herb - 4.jpg","Genoa",2844.36428571429,284.567667520817,7
"395","tree daisy - 1.jpg","Jacobs",1107.15163157895,573.94429186202,38
"396","tree daisy - 2.jpg","Jacobs",306.81736,71.8279931241295,25
"397","tree daisy - 3.jpg","Jacobs",256.439,67.0849480252124,23
"398","tree daisy - 4.jpg","Jacobs",144.056137931034,40.0797585310699,29
"399","tree daisy - 5-1.jpg","Jacobs",212.680428571429,62.9461934103814,21
"400","tuross acacia 1.jpg","Tuross DS Wadbilliga",656.602461538462,149.168072375657,13
"401","tuross acacia 2.jpg","Tuross DS Wadbilliga",419.961470588235,113.906491173746,17
"402","tuross acacia 3.jpg","Tuross DS Wadbilliga",421.831533333333,89.7024674448548,15
"403","tuross acacia 4.jpg","Tuross DS Wadbilliga",483.748818181818,106.479987991001,11
"404","tuross acacia 5.jpg","Tuross DS Wadbilliga",424.007416666667,58.4961111721553,12
"405","unknown vine - 1.jpg","Jilliby",1863.03,320.287075517418,5
"406","unknown vine - 2.jpg","Jilliby",3541.795,862.861094259093,5
"407","unknown vine - 3.jpg","Jilliby",2639.5946,127.358829257339,5
"408","unknown vine - 4.jpg","Jilliby",2809.257,450.731650874442,5
"409","unknown vine - 5.jpg","Jilliby",2337.0132,417.528970413671,5
"410","viola hederacea - 1.jpg","Gibbo",342.907368421053,108.547758810074,19
"411","viola hederacea - 2.jpg","Gibbo",295.269090909091,94.8520271595555,22
"412","viola hederacea - 3.jpg","Gibbo",316.102857142857,44.2647859074069,21
"413","viola hederacea - 4.jpg","Gibbo",251.8875,49.908667717475,16
"414","viola hederacea - 5.jpg","Gibbo",317.994666666667,104.728698882034,15
"415","wadbilliga acacia 1.jpg","Wadbilliga",365.503090909091,70.7360920046542,11
"416","wadbilliga acacia 2.jpg","Wadbilliga",366.26825,95.9495136442503,12
"417","wadbilliga acacia 3.jpg","Wadbilliga",323.253538461538,50.2846392178489,13
"418","wadbilliga acacia 4.jpg","Wadbilliga",601.808928571429,146.069631109731,14
"419","wadbilliga acacia 5.jpg","Wadbilliga",522.200714285714,162.231421692038,14
"420","wiry grass 1.jpg","Wadbilliga",141.9961875,66.1340020737883,16
"421","wiry grass 2.jpg","Wadbilliga",192.048153846154,46.3366178701146,13
"422","wiry grass 3.jpg","Wadbilliga",119.322235294118,25.7508641154268,17
"423","wiry grass 4.jpg","Wadbilliga",196.019176470588,113.574956419888,17
"424","wiry grass 5.jpg","Wadbilliga",178.782666666667,93.871158407415,9
"425","wooly nightshade - 1.jpg","Cataract",14663.52,246.638845277867,2
"426","wooly nightshade - 2.jpg","Cataract",6390.515,1089.65068636697,4
"427","wooly nightshade - 3.jpg","Cataract",16797.765,1028.67773206676,2
"428","wooly nightshade - 4a.jpg","Cataract",25821.81,NA,1
"429","wooly nightshade - 5.jpg","Cataract",16930.435,576.581940447323,2
